abbe marron,0.58
abbe rouge,0.6402908333333334
abe mawon,0.58
abi,0.6680866666666665
abricot,0.724794666783784
abricot batard,0.724794666783784
abricot bord de mer,0.724794666783784
abricot marron,0.5769757868571429
abricot st-domingue,0.724794666783784
abricotier,0.6508835869166667
abricotier biitard,0.34636772182758624
abricotier de st-domingue,0.724794666783784
abricotier de st. domingue,0.724794666783784
abricotier des antilles,0.6508835869166667
acacia,0.767323963
acacia ,0.767323963
acacia de farnese,0.767323963
acacia du senegal,0.767323963
acacia jaune,0.767323963
acacia noir,0.767323963
acacia odorant,0.767323963
acacia piquant,0.767323963
acacia rouge,0.767323963
acacia savane ,0.767323963
acacia tordu,0.767323963
acaciajaune,0.767323963
acajou,0.5129892588000001
acajou ,0.4492285176000001
acajou a planches,0.461782064516129
acajou du honduras,0.5767500000000001
acajou du venezuela,0.5767500000000001
acajou etranger,0.5767500000000001
acajou femelle,0.461782064516129
acajou pays,0.5767500000000001
acajou sauvage,0.707446590909091
acajou-senti,0.461782064516129
acamat,0.8859998333333332
acnistus belladone,0.49806893333333335
acomat,0.7985242059561404
acomat marron,0.8859998333333332
acomat rouge,0.8859998333333332
acrocomia glouglou,0.5567344712
ahouai des antilles,0.72
aibor maurepasia,0.2937748082666667
akasee,0.767323963
akasya,0.767323963
aken,0.7831121739130434
aki,0.7104161422499999
akoma,0.7985242059561404
akoma blan,0.8859998333333332
akoma fran,0.8859998333333332
akoma jon,0.4628906666666667
akoma mawon,0.8859998333333332
akoma wouj,0.8859998333333332
alchornea bois-crapaud,0.4014223684210526
alerit,0.37437761538461534
aleurites,0.37437761538461534
alvaradoa,0.58
amande,0.5348598806396647
amandier,0.7783968815789473
amandier ,0.7783968815789473
amandier a grandes feuilles,0.7783968815789473
amandier a petites feuilles,0.7783968815789473
amandier agrandes feuilles,0.7783968815789473
amandier des indes,0.5348598806396647
amandier tropical,0.5348598806396647
ambo,0.7204301719259262
ameau,0.7269909090909089
amorette male,0.41188571428571424
amorette marron,0.41188571428571424
amouret,0.41188571428571424
amouret mal,0.41188571428571424
amouret mawon,0.41188571428571424
amourette,0.41188571428571424
amourette franche,0.41188571428571424
amyride,0.9625
amyris,0.9625
anacarde,0.4492285176000001
anacardier cajou,0.4492285176000001
anis des bois,0.3935
anis etoile marron,0.579213
anis marron,0.3935
anis mawon,0.3935
anis sauvage,0.3935
anis zetwal,0.579213
aniset,0.3935
anisette,0.3935
ano,0.7269909090909089
anone reticulee,0.4805487873846154
anone zombi,0.4805487873846154
aquin,0.7831121739130434
arabo,0.7204301719259262
arali gran fey,0.43866035000000003
aralie elevee,0.53
aralie grandes feuilles,0.43866035000000003
araucaria,0.4616527166944444
arbre a bombes,0.425212
arbre a caoutchouc,0.48206217120454553
arbre a corail,0.2937748082666667
arbre a pain,
arbre a petites feuilles,1.0138592452210524
arbre acorail,0.2937748082666667
arbre apain,0.6020925371626984
arbre apetites feuilles,1.0138592452210524
arbre au diable,0.34906134615625
arbre de pluie,0.5731017245700935
arbre de vie,1.1089285714285715
arbre soie,
arbre-a-fricasser,0.7104161422499999
arbre-a-savon,0.7677272727272728
areca,0.5567344712
arne veritable,0.794784788611111
arokariya,0.4616527166944444
aspidosperma amer-blanc,0.747806163136986
aulne,0.4774295555555556
aulne acumine,0.4774295555555556
aulne acumine typique,0.4774295555555556
aune,0.4774295555555556
avocat,0.5199304487179488
avocat marron,0.7685938541666666
avocatier,0.5199304487179488
ayitye,0.5834368875889329
bache marron,0.6321763141073171
badannier,0.5348598806396647
badanye,0.5348598806396647
bagage a collier,0.72
bagaj akolye,0.72
baie a ondes,1.0222122727272729
baie aonde,1.0222122727272729
balai de montagne,0.6829172864166668
balai four,0.7580427083333333
balai velours,0.7580427083333333
balata ,0.8677016639999999
balay fou,0.7580427083333333
balay mon,0.6829172864166668
bambou,
banann,
bananne,
bande,0.77
bannann,
bashe marron,0.6321763141073171
basilic arbre,0.767323963
bata kayman,0.7150626092794117
baton casse,0.8194038448275862
baton casse (h);,0.8194038448275862
baton de sorcier,0.2937748082666667
baton kas,0.8194038448275862
baton sosiye,0.2937748082666667
battre a caiman,0.7150626092794117
baume anglais,0.4827179655952381
baya hon,0.7903423909444445
bayahonde,0.7903423909444445
bayahonde francais,0.7903423909444445
bayahonde rouge,0.767323963
bayarone,0.7903423909444445
bayarone francais,0.7903423909444445
bayawonn,0.7903423909444445
bayawonn fran,0.7903423909444445
bayawonn wouj,0.767323963
bayonet,
bayonette,
bazek,0.6433056541961538
beladonn,0.49806893333333335
belladone,0.49806893333333335
belladone des antilles,0.49806893333333335
ben oleitere,0.261744
benzoliv,0.261744
benzolive,0.261744
bignolle,1.0138592452210524
biiton de sorcier,0.2937748082666667
bisiette marron,0.6088714444444445
biziyet mawon,0.6088714444444445
blimblin,0.5479506249999999
blinblin,0.5479506249999999
blinblin long,0.5479506249999999
blinblin longue,0.5479506249999999
bocconie bois-de-coq,
bois a baguettes,0.7581666666666667
bois a cochon,0.6016455747096774
bois acajou,1.0138592452210524
bois amda,0.5670581044878049
bois amer,0.45
bois amer blanc,0.747806163136986
bois ami,0.6950000000000001
bois arada,0.5670581044878049
bois bande,0.77
bois bay-rhum,0.9137500000000001
bois blanc,0.6412994365034015
bois blanc amer,0.747806163136986
bois blanc grandes feuilles,0.5969918575760871
bois bleu,0.8517857142857143
bois bourique,0.7580427083333333
bois bourrique,0.7580427083333333
bois bourro,0.67625
bois brulant,0.43199562162162164
bois ca,0.809873618
bois cabrit,0.6121936363636363
bois cabrite,0.6607672727272726
bois caca,0.7580427083333333
bois cachiman,0.4805487873846154
bois cachon,0.52
bois cachon marron,0.707633740375
bois caiman,0.7150626092794117
bois caleyon,0.8084724999999998
bois campeche,0.7529656368033963
bois canol,0.43866035000000003
bois canon,0.335197710137931
bois canot,0.3869290300689655
bois capable,0.7439239793076924
bois capitaine,0.643271923076923
bois carre,0.7309871428571428
bois cassave,0.68466
bois cassave sylvestre,0.59932
bois chandelle,0.9625
bois chapeau,0.5059529257777778
bois chene,0.6060884444444444
bois chique,0.5564973219886364
bois cochon,0.6138168701875
bois cochon marron,0.707633740375
bois codine,
bois collier,0.6680866666666665
bois come,0.63808921875
bois coq,0.7110485785789474
bois coq d'inde,
bois coq d’inde,
bois coraille,0.5670581044878049
bois corne,0.63808921875
bois cotelette,0.7069045790476193
bois couiller,0.7580427083333333
bois couleuvre,0.7440213541666667
bois coure,0.94
bois crapaud,0.5015394842105263
bois creole,1.0138592452210524
bois d'amour,0.8054416666666667
bois d'anjou,0.479330175
bois d'anneau,0.6879149410033422
bois d'argent,0.7580427083333333
bois d'ebene,0.885
bois d'encens,0.3190909090909091
bois d'homme,0.5158034375
bois d'inde,0.7557499999999999
bois d'inde francais,0.9137500000000001
bois d'inde marron,0.6180775454545454
bois d'ine,0.7557499999999999
bois d'ine franc,0.9137500000000001
bois d'ine francais,0.9137500000000001
bois d'ine marron,0.6180775454545454
bois d'ine petites feuilles,1.0138592452210524
bois d'orme,0.5158034375
bois d'ortie,0.77
bois d'ortie blanche,0.88
bois d'ortie rouge,0.88
bois de coq,
bois de couille,0.7580427083333333
bois de couilles,0.7580427083333333
bois de fer,0.7683905610824175
bois de fer blanc,0.7439239793076924
bois de graines,0.725
bois de graines noires,0.725
bois de graines noirs,0.725
bois de haut,0.724794666783784
bois de hetre,0.5158034375
bois de houx,0.3075
bois de lance,0.7789285714285714
bois de lance batard,0.7789285714285714
bois de lance franc,0.7789285714285714
bois de l’orme,0.5158034375
bois de rose,0.5564973219886364
bois de roux,0.724794666783784
bois de santanier,0.5056782500000001
bois de satanico,0.5056782500000001
bois de satanier,0.5056782500000001
bois de savane,0.5592691787926829
bois de soie,0.33398823425
bois de soie marron,0.3
bois de sureau,0.3935
bois de tremble,0.6016566000000001
bois dentelle,
bois dents marron,0.635
bois diou,0.6459263856357944
bois diou marron,0.5670581044878049
bois douleur,0.558
bois du sip,0.6706337565
bois d’amour,0.8054416666666667
bois d’anjou,0.52
bois d’argent,0.7580427083333333
bois d’encens,0.3190909090909091
bois d’homme,0.5158034375
bois d’inde,0.6561236609943182
bois d’inde francais,0.9137500000000001
bois d’ine,0.6561236609943182
bois d’ine franc,0.9137500000000001
bois d’ine francais,0.9137500000000001
bois d’ine petites feuilles,1.0138592452210524
bois d’orme,0.42134366454230765
bois eachon,0.707633740375
bois ebene,0.5693859890737707
bois ecorce,0.7395576923076923
bois enapaud,0.4014223684210526
bois epineux,0.6541455593210783
bois espagnol,0.79
bois felide,0.7580427083333333
bois fer blanc,0.7439239793076924
bois fer marron,0.7678700211351353
bois fetide,0.7580427083333333
bois feuilles blanches,0.5938206025423727
bois fourrni,0.707446590909091
bois franc,0.79
bois frene,0.39459445437499996
bois galle,0.7395576923076923
bois garcon,0.47053999999999996
bois graine,0.579213
bois graine noire,0.579213
bois gresse,0.7209121795
bois gri-gri,0.8033333333333335
bois grigri,0.7242790279275363
bois gris,0.6452247225217391
bois gris-gris,0.6452247225217391
bois guepes,0.5149155396734696
bois haut-gout,0.7557499999999999
bois huile,0.8677016639999999
bois iezard,0.5592691787926829
bois immortel,0.2937748082666667
bois immortel vrai,0.2937748082666667
bois ivrant,0.6933333333333334
bois jambette,0.561
bois jaune,0.7857404545454546
bois jaunisse,
bois jean louis,0.77
bois la fievre,0.94
bois lait,0.4535053218108108
bois lait femelle,0.47501502199999995
bois lait mille,0.5247747164000001
bois laitelle,0.56362
bois laiteux febrifuge,0.5247747164000001
bois loraille,0.5670581044878049
bois lubin,0.46629131779661026
bois l’ecorce,0.7395576923076923
bois mabel,0.3075
bois mabi,0.7439239793076924
bois madame,0.200841
bois major,0.3935
bois mal au dent,0.4014223684210526
bois mal aux dents,0.4014223684210526
bois marbre,1.1
bois margot,0.6452247225217391
bois marron,0.5670581044878049
bois merise,0.6444298548
bois moutarde,0.7580427083333333
bois mulatre,0.6333333333333333
bois mulet,0.73
bois muliitre,0.7557499999999999
bois myrte,1.0138592452210524
bois nago,0.6608477101896552
bois nan non,0.5902798425925926
bois negre,0.5133218846153845
bois negresse,0.4398786131666667
bois neuf,0.5651223884375001
bois neuf-rameau,0.5651223884375001
bois noir,0.5650319474289861
bois noyaux,0.3935
bois noyer,0.45
bois pagnol,0.79
bois pale,0.78375
bois palmiste,0.7199146913703706
bois patat,0.7256272089895286
bois patate,0.779145
bois paupit,0.5564973219886364
bois peine,0.6541455593210783
bois pele,0.7439239793076924
bois petit garcon,0.5406356571625001
bois petit-garcon,0.6829172864166668
bois petite feuille,0.7220066666666667
bois petites feuilles,1.0138592452210524
bois pigeon,0.7066055048099998
bois pille,0.6510616638793103
bois pin,0.5209396914893617
bois pine,0.6541455593210783
bois pine blanc,0.6541455593210783
bois pini,0.6541455593210783
bois pite,0.7439239793076924
bois plomb,0.7209121795
bois poison,0.39835402790833335
bois poisson,0.39835402790833335
bois poivre,0.94
bois poulette,0.6950000000000001
bois poupee,0.5564973219886364
bois puant,0.7580427083333333
bois rada,0.6452247225217391
bois raide,0.698591279786458
bois raie,0.5938206025423727
bois rave,0.7580427083333333
bois rouge,0.5426873290846153
bois sadine,0.6565774545454546
bois sagine,0.7047688125
bois saint,1.1089285714285715
bois saisissement,0.597507511
bois sand,0.7209121795
bois sardine,0.39835402790833335
bois savane,0.6218677405350468
bois savanne,0.7209121795
bois savonette,0.7677272727272728
bois savonnette pays,0.7677272727272728
bois sec,0.5426873290846153
bois senegaal,0.7580427083333333
bois senegal,0.7580427083333333
bois senti,0.6950000000000001
bois soumis,0.5564973219886364
bois tanniste rouge,0.5096368458709677
bois ti fey,1.0138592452210524
bois tremble,0.6016566000000001
bois trembler,0.43866035000000003
bois trompette,0.335197710137931
bois vache,0.4014223684210526
bois zed,0.7439239793076924
bois zet,0.7439239793076924
bois-chypre,0.5564973219886364
bois-coulevre,0.7580427083333333
bois-gli,0.8033333333333335
bois-guitare ,0.7309871428571428
bois-guitare caude,0.7309871428571428
bois-mabi,0.7439239793076924
bois-negresse,0.4398786131666667
bois-noyer,0.45
bois-trompette,0.335197710137931
boise rouge,0.5426873290846153
boisjambette,0.561
boisnoyer,0.45
bom zangle,0.4827179655952381
bon caimite,0.7274646214629631
bon garcon,0.47053999999999996
bon gason,0.47053999999999996
bon kaymit,0.7274646214629631
bonbon capitaine,0.643271923076923
bonbon chat,0.5564973219886364
bonbon codine,0.5564973219886364
bonbon coq d'inde,0.48849999999999993
bonbon kapitenn,
bonbon kodenn,0.5564973219886364
bonbon kok denn,0.48849999999999993
boudou,0.5670581044878049
boulet de canon,0.425212
boulet kanon,0.425212
bourreria,0.73
bousillette,0.79
bouziyet,0.79
brasil,1.0222122727272729
breadfruit,0.794784788611111
breadfruit: arne veritable,0.40940028571428577
bresiilet batard,0.5670581044878049
bresillet,0.79
breziet,1.0222122727272729
breziyet,0.9061061363636365
breziyet bata,0.5670581044878049
brignolle,1.0138592452210524
brikal,0.2937748082666667
bril,1.0138592452210524
brille,1.0138592452210524
brillol,0.7678700211351353
brinyol,1.0138592452210524
briser menage,0.6607672727272726
brisiette,0.79
briyol,0.7678700211351353
brize menaj,0.6607672727272726
briziyet,0.79
brucal,0.2937748082666667
brugmansia blanc,
brunellie bois-mabel,0.3075
bucida grignon,0.8033333333333335
buis,0.777296
buis benit,0.7042739047619048
buis de sable,0.34906134615625
bun,0.777296
bunchosia a feuilles corniculees,0.6950000000000001
bunchosia glanduleux,0.6950000000000001
bunchosia luisant,0.6950000000000001
bursera,0.3190909090909091
bwa ame,
bwa ame blan,0.747806163136986
bwa ami,0.6950000000000001
bwa anis,0.3935
bwa arada,0.5670581044878049
bwa bande,0.77
bwa berom,0.9137500000000001
bwa blan,0.5149155396734696
bwa blan gran fey,0.5969918575760871
bwa bourik,0.7580427083333333
bwa bouwo,0.67625
bwa brilan,0.43199562162162164
bwa brile,0.67
bwa campech,0.6541455593210783
bwa chandel,0.9625
bwa chapo,0.5059529257777778
bwa chenn,0.6060884444444444
bwa chik,0.5564973219886364
bwa dajan,0.7580427083333333
bwa damou,0.8054416666666667
bwa dan mawon,0.635
bwa danjou,0.479330175
bwa dano,0.7150626092794117
bwa dantel,
bwa dehet,0.5158034375
bwa deho,0.724794666783784
bwa denn,0.6561236609943182
bwa denn franse,0.9137500000000001
bwa denn mawon,0.6180775454545454
bwa dijab,0.34906134615625
bwa dinn,0.7557499999999999
bwa dinn fran,0.9137500000000001
bwa dinn franse,0.9137500000000001
bwa dinn ti fey,1.0138592452210524
bwa diou,0.724794666783784
bwa diou mawon,0.5670581044878049
bwa djab,0.34906134615625
bwa dom,0.47050771874999997
bwa doti,0.77
bwa doti blan,0.88
bwa doti wouj,0.88
bwa doule,0.558
bwa douwo,0.67625
bwa ebenn,0.7678700211351353
bwa ekos,0.7395576923076923
bwa fe,0.7439239793076924
bwa fe blan,0.7439239793076924
bwa fe mawon,0.7678700211351353
bwa fetid,0.7580427083333333
bwa fey blanch,0.5938206025423727
bwa foumi,0.707446590909091
bwa fwenn,0.39459445437499996
bwa gal,0.7395576923076923
bwa gason,0.47053999999999996
bwa gep,0.5149155396734696
bwa grenn,0.725
bwa grenn nwa,0.725
bwa grigri,0.6452247225217391
bwa ivran,0.6933333333333334
bwa jambet,0.561
bwa jon,0.7857404545454546
bwa jones,
bwa jonis,
bwa ka,0.809873618
bwa kabrit,0.6121936363636363
bwa kachiman,0.4805487873846154
bwa kajou,1.0138592452210524
bwa kaka,0.7580427083333333
bwa kalson,0.8084724999999998
bwa kampech,0.7529656368033963
bwa kano,0.43866035000000003
bwa kanon,0.335197710137931
bwa kapab,0.7439239793076924
bwa kapo,0.6016566000000001
bwa kasav,0.77
bwa kasav silves,0.59932
bwa kayman,0.727310150793552
bwa kochon,0.6546396575423388
bwa kochon mawon,0.707633740375
bwa kodinn,
bwa kok,0.7110485785789474
bwa kok denn,
bwa kolye,0.6680866666666665
bwa kon,0.63808921875
bwa kotlet,0.7069045790476193
bwa koulev,0.7580427083333333
bwa koure,0.94
bwa krapo,0.4014223684210526
bwa kwil,0.7580427083333333
bwa lafiev,0.94
bwa lans,0.7789285714285714
bwa lans bata,0.7789285714285714
bwa lans fran,0.7789285714285714
bwa let,0.43199562162162164
bwa let femel,0.47501502199999995
bwa let mal,0.5247747164000001
bwa letel,0.56362
bwa leza,0.5592691787926829
bwa liben,0.46629131779661026
bwa loray,0.5670581044878049
bwa mabel,0.3075
bwa mabi,0.7439239793076924
bwa mabre,1.1
bwa madam,0.200841
bwa mago,0.6452247225217391
bwa majo,0.3935
bwa malodan,0.4014223684210526
bwa mango,0.6452247225217391
bwa mao,0.7580427083333333
bwa mawon,0.5670581044878049
bwa meriz,0.6444298548
bwa milat,0.6333333333333333
bwa milet,0.73
bwa mit,1.0138592452210524
bwa motel,0.2937748082666667
bwa motel vre,0.2937748082666667
bwa moutad,0.7580427083333333
bwa nago,0.6706337565
bwa nanno,0.5902798425925926
bwa nannon,0.5902798425925926
bwa nef,0.5651223884375001
bwa nef ramo,0.5651223884375001
bwa neg,0.5133218846153845
bwa neges,0.4398786131666667
bwa nwa,0.5650319474289861
bwa nwayo,0.3935
bwa pal,0.78375
bwa palmis,0.7199146913703706
bwa panyol,0.79
bwa patat,0.779145
bwa pen,0.5209396914893617
bwa penn,0.6541455593210783
bwa petro,0.7439239793076924
bwa pijon,0.7066055048099998
bwa pine,0.6541455593210783
bwa pine blan,0.6541455593210783
bwa pini,0.6541455593210783
bwa pit,0.7439239793076924
bwa ple,0.7439239793076924
bwa plom,0.7209121795
bwa popit,0.5564973219886364
bwa poulet,0.6950000000000001
bwa poupe,0.5564973219886364
bwa pwason,0.39835402790833335
bwa pwav,0.94
bwa pwiant,0.7580427083333333
bwa rai,0.5938206025423727
bwa raid,0.698591279786458
bwa rav,0.7580427083333333
bwa rogou,0.7557499999999999
bwa sadinn,0.6565774545454546
bwa saginn,0.7047688125
bwa santi,0.6950000000000001
bwa sasiye bata,0.4398786131666667
bwa sasiye mawon,0.4398786131666667
bwa satanye,0.5056782500000001
bwa satsi,0.68281687825
bwa savann,0.5731017245700935
bwa savon,0.7677272727272728
bwa savonet peyi,0.7677272727272728
bwa sek,0.5426873290846153
bwa sen,1.1089285714285715
bwa senegal,0.7580427083333333
bwa sezisman,0.597507511
bwa sip,0.7783167949166666
bwa siwo,0.3935
bwa soumi,0.5564973219886364
bwa swa,0.33398823425
bwa swa mawon,0.3
bwa tamis wouj,0.5096368458709677
bwa tanis wouj,0.5096368458709677
bwa ti fey,1.0138592452210524
bwa ti gason,0.5406356571625001
bwa tramble,0.5201584750000001
bwa tremble,0.6016566000000001
bwa twompet,0.335197710137931
bwa vach,0.4014223684210526
bwa velou,0.7580427083333333
bwa wil,0.8677016639999999
bwa wouj,0.5426873290846153
bwa woz,0.6968901315825535
bwa zed,0.7439239793076924
bwa zet,0.7439239793076924
bwa-ple,0.7439239793076924
bwapal,0.6510616638793103
bwatifey,0.7220066666666667
bwis beni,0.7042739047619048
bwis sab,0.34906134615625
cabirma de guinea,0.5725762566136363
caca chien,0.7580427083333333
caca poule,0.6227679243076923
cacache,0.7580427083333333
cache,0.7580427083333333
cachibou,0.3190909090909091
cachima,0.4805487873846154
cachiman,0.4805487873846154
cachiman cannelle,0.4805487873846154
cachiman coeur de boeuf,0.4805487873846154
cachiman la chine,0.4805487873846154
cachiman marron,0.5215543936923077
cachiman sauvage,0.56256
cachiman zombie,0.4805487873846154
cacome marron,0.7831121739130434
cacorne marron,0.7831121739130434
cactier,0.54
cactus,0.54
cafe jaune,0.5133218846153845
cafe maron,0.49806893333333335
cafe marron,0.73
cafe sauvage,0.7309871428571428
cahciman-montagne,0.4805487873846154
caiman,0.7150626092794117
caiman franc,0.6950000000000001
caimite,0.7274646214629631
caimite des jardins,0.7274646214629631
caimite franche,0.7274646214629631
caimite marron,0.7274646214629631
caimite sauvage,0.7274646214629631
caimitier,0.7274646214629631
caimitier a feuilles d'or,0.7274646214629631
caimitier ferrugineux,0.7274646214629631
caimitier marron,0.7274646214629631
caimitier olivaire,0.7274646214629631
cajou sovaj,0.707446590909091
cale basse marron,0.6321763141073171
calebasse,0.65463825
calebasse batard,0.6321763141073171
calebasse marron,0.65463825
calebasse marronne,0.65463825
calebasse zombie,0.6321763141073171
calebasse-zombi,0.6321763141073171
calebassier,0.66263600325
calle noire,0.779145
calliandra,0.8160000000000001
calliandre,0.8160000000000001
calmouc,0.74
cambron,0.767323963
came-marie,0.5178173127468355
camille,0.95
campech,0.8517857142857143
campeche,0.8517857142857143
campeche ,0.8517857142857143
campeche marron,0.6680866666666665
campechier,0.8517857142857143
camphre,0.4827179655952381
camphrier,0.4827179655952381
canape,0.98
candelabre,0.47053999999999996
candelon,0.767323963
canille,0.95
canique,1.0222122727272729
canne de tobago,0.5567344712
cannelier a triple nervure,0.4827179655952381
cannelier de montagne,0.4827179655952381
cannelle,0.5029717350792882
cannelle abeille,0.5829805
cannelle douce,0.5829805
cannelle marron,0.5029717350792882
cannelle miel,0.5829805
cannelle poivree,0.95
cannellier,0.4827179655952381
caoutchouc,0.456420480205214
capable,0.7439239793076924
capable marguerite,0.6829172864166668
capitaine,0.643271923076923
caprice,0.5247747164000001
caprier ,0.7580427083333333
caprier rampant,0.7580427083333333
caprier souple,0.7580427083333333
caracolet,0.6571703642638889
caractere des hommes,0.8084724999999998
carambolier,0.5479506249999999
carambouba,0.767323963
carassol,0.4805487873846154
carnpeche,0.8517857142857143
carosse,0.325650588
carossier,0.325650588
cascarille,0.5149155396734696
casearia cafe-marron,0.6636216683369565
casearia papelite,0.6636216683369565
casearia piquant-vada,0.6636216683369565
casse,0.8194038448275862
casse a baton,0.6607672727272726
casse abilton,0.6607672727272726
casse de siam,0.6607672727272726
casse doux,0.8194038448275862
casse espagnole,0.8194038448275862
casse hache,0.8372829411764706
casse marron,0.6607672727272726
casse-hallier,0.6607672727272726
casser sec,0.5426873290846153
cassia,0.6607672727272726
cassie,0.767323963
cassier ,0.767323963
cassier a gros fruits,0.8194038448275862
cassier marron,0.6607672727272726
catastres,0.54
catin,0.5103737692307692
catio,0.5567344712
cauchiman marron,0.56256
cayepon,0.7047688125
cedre,0.47238144134897364
cedre blanc,0.461782064516129
cedre espagnol,0.461782064516129
cedre odorant,0.461782064516129
cedre rouge,0.461782064516129
cedre spagnol,0.461782064516129
cedrel,0.461782064516129
cedrela,0.461782064516129
ceiba a cinq etamines,0.3235706615
ceiba kapokier,0.3235706615
cerise,0.643271923076923
cerise d'haiti,0.643271923076923
cerise de mer,0.9083333333333332
cerise de saint-domingue,0.643271923076923
cerise de st. domingue,0.643271923076923
cerise de suriname,1.0138592452210524
cerise d’haiti,0.643271923076923
cerisier,0.643271923076923
cerisier ,0.643271923076923
cerisier capitaine,0.643271923076923
cerisier de saint-domingue,0.643271923076923
cerisier de st-domingue,0.643271923076923
cerisier de st. domingue,0.643271923076923
cesalpinie,1.0222122727272729
cesalpinie dividivi,1.0222122727272729
cestreau grand-bois,0.49806893333333335
chadek,0.74
chadeque,0.74
chambron,0.7903423909444445
chandel anglez,1.025
chandel blan,0.9625
chandel mawon,0.9625
chandelle anglaise,1.025
chandelle blanc,0.9625
chandelle marron,0.9625
chapeau carre,0.7110485785789474
chapelet,0.25
chapo care,0.7110485785789474
chapo kare,0.7110485785789474
chatag,0.5056782500000001
chatague,0.5056782500000001
chataignier,0.615339125
chataignier ,0.615339125
chataignier apetites feuilles,0.7110485785789474
chataignier marron,0.725
chatanye,0.615339125
chatanye mawon,0.725
chatanye ti fey,0.7110485785789474
chene,0.6060884444444444
chene calebassier,0.66
chene caparo,0.5564973219886364
chene d'australia,0.5360141900000001
chene franc,0.5564973219886364
chene haitien,0.6060884444444444
chene noir,0.5312251238832071
chene noir ,0.5564973219886364
chenier,0.6060884444444444
chenn,0.6060884444444444
chenn dostrali,0.5360141900000001
chenn fran,0.5564973219886364
chenn kalbas,0.66
chenn kapawo,0.5564973219886364
chenn nwa,0.5312251238832071
cherimolier,0.4805487873846154
cherimolier du perou,0.4805487873846154
cherimoya,0.4805487873846154
chevalier,0.7867500000000001
chevalye,0.7867500000000001
chibou,0.3190909090909091
chiboue,0.3190909090909091
chic-chic,0.5133218846153845
chik,0.3190909090909091
chiococca blanc,0.7256272089895286
chiot,0.37916666666666665
chiote,0.37916666666666665
chique,0.3190909090909091
chique-chique,0.47
chirimoya,0.4805487873846154
choublack,0.5160532380555556
choublak,0.5160532380555556
chrlste marine,0.39835402790833335
ciave,0.3190909090909091
cicrin,0.6098764698974359
cirio,0.3935
cirouelle,0.34636772182758624
cirouellier,0.34636772182758624
ciroyer d'amerique,0.34636772182758624
citroin marron,0.7719814705882353
citron,0.74
citron vert,0.74
citronnier,0.74
clou de girofle,0.9137500000000001
clusier mineur,0.78375
coco guinee,0.5567344712
coco macaque,0.5567344712
cocotier,0.5567344712
cocoyer,0.5567344712
coeur boeuf,0.4805487873846154
coeur de boeuf,0.4805487873846154
cogne-molle,0.8372829411764706
cois loraille,0.5670581044878049
cojoba collier,
cola,0.6013460204545454
colatier,0.6013460204545454
collegue,0.8084724999999998
collegue matourin,0.8084724999999998
collier,0.6680866666666665
colorade,0.43879852941176467
colubrina,0.7439239793076924
colubrine bois-couleuvre,0.7439239793076924
coma,0.67444525
coma blanc,0.8859998333333332
coma franc,0.8859998333333332
coma jaune,0.4628906666666667
comat,0.7110485785789474
comichon du pays,0.5479506249999999
concombre zombi,0.49806893333333335
coq au lait,0.5567344712
coq shango,
coque molle,0.8372829411764706
coquelicot,0.5564973219886364
corail,0.5
corail rouge,0.5
cordon,0.7831121739130434
cormier,0.8362114285714287
corosse,0.5567344712
corossier,0.5567344712
corossol,0.4805487873846154
corossol marron,0.4805487873846154
corossol zombi,0.4805487873846154
corossol zombie,0.4805487873846154
corossolier,0.4805487873846154
cotelette,0.7069045790476193
cotelle,0.6468977777777778
coton fleur,0.200841
coton fleurs,0.3235706615
coton mahaut,0.5160532380555556
coton marron,0.5160532380555556
coton rat,0.48991986538089016
coton soie,0.200841
cotton fleurs,0.200841
cotton marron,0.5160532380555556
courbaril,0.7910383592457265
couronne du christ,0.47053999999999996
creve a hache,0.8372829411764706
crisse marine,0.39835402790833335
croc,0.9083333333333332
croc de chien,0.42209444444444444
croc souris,0.7256272089895286
croc-a-chien,0.6565774545454546
crocro,0.5567344712
crocro guinee,0.5567344712
croque chien,0.5564973219886364
crossol marron,0.4805487873846154
croton,0.5455080724271253
cuassia,0.3517756796666667
curatella,0.65
curatella ,0.65
curatella aderno,0.65
cyathee arborescente,
cypres,0.4442857142857143
cypres d'italie,0.4442857142857143
cypres de mexico,0.4442857142857143
d'eau livre,0.72
d'olive,0.39459445437499996
daguille,
dagwi,
dalemarie,0.5178173127468355
dalmag,0.5178173127468355
dalmagre,0.5178173127468355
dalmari,0.5178173127468355
dalmarie,0.5178173127468355
dalnagre,0.5178173127468355
damag,0.5178173127468355
damage,0.5178173127468355
damari,0.5178173127468355
dame marie,0.5178173127468355
dan chen blan,0.5564973219886364
dartier,0.6607672727272726
dartres,0.6607672727272726
dat,0.5567344712
datte,0.5567344712
dattier,0.5567344712
de jimel,0.8084724999999998
de sezon,0.47053999999999996
dehom,0.47053999999999996
dehomme,0.47053999999999996
delen,0.67625
delen etranje,0.67625
delen peyi,0.67625
delin etranger,0.67625
dent de chien blanc,0.5564973219886364
desaison,0.47053999999999996
deux jumelles,0.8084724999999998
dibit-kra,0.3190909090909091
diversifolia,0.67625
divi divi,1.0222122727272729
dividivi,1.0222122727272729
do jilet,0.79
doliv,0.44878309472714406
doliv bata,0.7856827
dombou,0.5670581044878049
doritska,0.3190909090909091
dos gillette,0.79
doti blanch,0.88
doti bwa blan,0.88
doule,0.558
douleur,0.558
drago,0.6510616638793103
dyare,0.7912
d’eau livre,0.72
d’olive,0.5029717350792882
ebene,0.698591279786458
ebenier noir,0.5693859890737707
ebenn,0.698591279786458
eglise,0.7031771153846154
endigo,0.6
ene,0.567312148809524
epineux,0.6541455593210783
erythrine a corail,0.2937748082666667
erythrine bucare,0.2937748082666667
erythrine des antilles,0.2937748082666667
erythroxylum arabo,0.7204301719259262
espagnol marron,0.6088714444444445
estologe,0.558
eucalyptus,0.7692694707967387
eugenie axillaire,1.0138592452210524
eugenie bignolle,1.0138592452210524
eugenie blanche,1.0138592452210524
eugenie gradissime,1.0138592452210524
eugenie petites-feuilles,1.0138592452210524
eugenie rhombiforme,1.0138592452210524
euphorbe bon-garcon,0.47053999999999996
euphorbe brilliant,0.47053999999999996
exothea panicule,0.73
fait pime,0.5149155396734696
fausse giroflee,0.9137500000000001
fausse salsepareille,0.4398786131666667
faux quinquina gris aromatique,0.5149155396734696
faux-caprier bois-bourrique,0.7580427083333333
fet pim,0.5149155396734696
feuille canelle,0.7209121795
feuille douleur,0.49806893333333335
feuille st. jean,0.47053999999999996
feuiller crapaud,0.4014223684210526
feuilles a dents,0.5564973219886364
feuilles baie,0.6541455593210783
feuilles crapaud,0.4014223684210526
feuilles d'haiti,0.6529625
feuilles d'ortie,0.88
feuilles dentition,0.5564973219886364
feuilles douleur,0.49806893333333335
feuilles d’haiti,0.6529625
feuilles enragees,0.3204
feuilles graines,0.5455080724271253
feuilles houx,0.6642276171874999
feuilles laousier,0.6607672727272726
feuilles medecin,0.325
feuilles noyaux,0.3935
feuilles noyaux pays,0.3935
feuilles paresol,0.5564973219886364
feuilles paresseux,0.37260936789473686
feuilles saisies,0.72
feuilles saisissement,0.72
feuilles sirop,0.3935
fey anraje,0.3204
fey be,0.6541455593210783
fey dayiti,0.6529625
fey doti,0.88
fey doule,0.49806893333333335
fey grenn,0.5455080724271253
fey kanel,0.7209121795
fey krapo,0.4014223684210526
fey lawouziye,0.6607672727272726
fey medsen,0.325
fey nwayo,0.3935
fey nwayo peyi,0.3935
fey parese,0.37260936789473686
fey senjan,0.47053999999999996
fey sezi,0.72
fey sezisman,0.72
fey siwo,0.3935
fig,
fig bannann,
fig frans,0.4307787892058824
fig mi,
figue,0.4307787892058824
figue bananne,
figue france,0.4307787892058824
figue mure,
figue rouge,0.4307787892058824
figuier,0.4307787892058824
figuier ,0.6072643946029412
figuier canelle,0.4307787892058824
figuier maudit,0.78375
figuier maudit cimarron,0.78375
figuier maudit marron,0.78375
figuier rouge,0.4307787892058824
figye,0.4307787892058824
figye modi,0.78375
figye modi mawon,0.78375
figye wouj,0.4307787892058824
filao,0.9092455145
filiere,0.5059529257777778
filiye,0.5059529257777778
flamboyant,0.6893123750000001
flamboyant bleu,0.4132915493928571
flambwayan,0.6893123750000001
flambwayan ble,0.4132915493928571
fle dan,0.5564973219886364
fle dan fle blanch,0.5564973219886364
fle danfle blanch,0.5564973219886364
fle dantisyon,0.5564973219886364
fle jalouzi,0.567312148809524
fle koray,0.5
fle lila,0.45477428333333336
fle mahodem,0.200841
fle motel,0.2937748082666667
fle senpie,0.7867500000000001
fle siwo,0.4463333333333333
fleur a dartre,0.6607672727272726
fleur coquelicot,0.5564973219886364
fleur corail,0.5
fleur de st-pierre,0.7867500000000001
fleur de st. pierre,0.7867500000000001
fleur dentition,0.5564973219886364
fleur st. christophe,0.6607672727272726
fleurs dent a fleurs blanches,0.5564973219886364
fleurs dent afleurs blanches,0.5564973219886364
fleurs dents,0.5564973219886364
fleurs immortels,0.2937748082666667
fleurs jalousie,0.567312148809524
fleurs liias,0.45477428333333336
fleurs mahandeme,0.200841
fleurs mahaudeme,0.200841
fleurs mortelles,0.2937748082666667
fleurs sureau,0.4463333333333333
fo jirof,0.9137500000000001
fo kenkena,0.5149155396734696
fo salsparey,0.4398786131666667
fois feuilles blanches,0.5938206025423727
fougere arborescente,
frajipanye blan,0.65
franchipagne,0.65
franchipayn,0.65
francillade,1.0222122727272729
francillade afleurs jaunes,1.0222122727272729
francillade fleurs rouges,1.0222122727272729
francillane,1.0222122727272729
frangipane,0.65
frangipani,0.5455080724271253
frangipanier,0.65
frangipanier blanc,0.65
frangipanier blanche,0.65
frangipanier epineux,0.65
frangipanier marron,0.65
frangipanier p.p.frangipanier sauvage,0.65
frangipanier rose,0.65
frangipanier sauvage,0.65
franjipani,0.65
franjipann,0.65
franjipanye,0.65
franjipanye mawon,0.65
franjipanye sovaj,0.65
franjipanye woz,0.65
fransilad,1.0222122727272729
fransilad fle jon,1.0222122727272729
fransilad fle wouj,1.0222122727272729
fransilann,1.0222122727272729
frasoigne,0.65
frasoyn,0.65
frene,0.39459445437499996
frene ,0.45
frene etranger,0.39459445437499996
fromager,0.3235706615
fromagier,0.44078533075000004
fwenn,0.39459445437499996
fwenn etranje,0.39459445437499996
fwomage,0.3235706615
fwomaje,0.44078533075000004
gad mezon,0.47053999999999996
gafuc batard,1.1089285714285715
gaiac,1.1089285714285715
gaiac ,1.1089285714285715
gaiac batard,1.1089285714285715
gaiac blanc,1.1089285714285715
gaiac blanc ,1.1089285714285715
gaiac cardasse,1.1089285714285715
gaiac femelle,1.1089285714285715
gaiac franc,1.1089285714285715
gaiac gaiac,1.1089285714285715
gaiac male,1.1089285714285715
gaiac officinal,1.1089285714285715
gaic male,1.1089285714285715
galac femelle,1.1089285714285715
galac franc,1.1089285714285715
galba,0.5178173127468355
galba des antilles,0.5178173127468355
galgal,0.7765433333333333
galipo,0.6640156033920452
galle-galle,0.7765433333333333
gallipeau,0.6640156033920452
gamel,0.7581666666666667
gamelle,0.7581666666666667
garde maison,0.47053999999999996
gati-galle,0.885
gayac,1.1089285714285715
gayak,1.1089285714285715
gayak bata,1.1089285714285715
gayak blan,1.1089285714285715
gayak femel,1.1089285714285715
gayak fran,1.1089285714285715
gayak kadas,1.1089285714285715
gayak mal,1.1089285714285715
gege,0.8033333333333335
gelle-galle,0.885
gene-pas,0.6221650000000001
genievre,0.6571703642638889
genipayer,0.6221650000000001
girofle,0.9137500000000001
gliricidia,0.6137062499999999
gmelina,0.4617957937916667
gom anime,0.7792332906025641
gom bom,0.3935
gomme animee,0.7792332906025641
gomme baume,0.3935
gommier,0.767323963
gommier batard,0.3190909090909091
gommier blan,0.3190909090909091
gommier blanc,0.3190909090909091
gommier rouge,0.3190909090909091
gommier sauvage,0.5670581044878049
gomye,0.3190909090909091
gomye blan,0.3190909090909091
gomye sovaj,0.5670581044878049
gomye wouj,0.3190909090909091
gori fwenn,0.45
goric,0.45
gorie frene,0.45
gorik,0.45
gouan-negoul,0.5731017245700935
gouane,0.5567344712
gouannegoul,0.5731017245700935
gounelle,0.4628906666666667
goyave,0.8050055454545455
goyavier,0.8050055454545455
goyavier ,0.6311650268
grain d'or,0.4014223684210526
grain d’or,0.4014223684210526
graindor,0.4014223684210526
graine canique,0.7677272727272728
graines canique,0.7677272727272728
graines de lin,0.67625
graines de lin pays,0.67625
graines plates,0.7831121739130434
graines quinique,1.0222122727272729
gran bom,0.3935
gran fey,0.5029717350792882
gran kaymit,0.7274646214629631
gran kokmolye,0.77
gran maho,0.5845078690277778
gran majo,0.6529625
gran medsinye,0.325
gran monben,0.34636772182758624
gran sapoti,0.6571703642638889
grand baume,0.3935
grand coquemollier,0.77
grand mahaut,0.5845078690277778
grand medecinier,0.325
grand mombin,0.34636772182758624
grand sapotillier,0.6571703642638889
grande caimite,0.7274646214629631
grande feuille,0.5029717350792882
gras mahaut,0.6529625
gratgal,0.885
grati-galle,0.885
gratigal,0.885
gratte-galle,0.885
gren delen,0.67625
grenad,0.771456
grenad mawon,0.7188335714285714
grenade,0.771456
grenade marron,0.7188335714285714
grenadier,0.771456
grenadya,0.771456
grenaillit,0.7677272727272728
grenarde,0.7309871428571428
grenayit,0.7677272727272728
grenn delen,0.67625
grenn delen peyi,0.67625
grenn do,0.4014223684210526
grenn kanik,0.7677272727272728
grenn kinik,1.0222122727272729
grenn kininn,1.0222122727272729
grenn plat,0.7831121739130434
grevilea,0.5360141900000001
grevilya,0.5360141900000001
gri-gri,0.7439239793076924
gri-gri jon,0.6452247225217391
grigri,0.6452247225217391
grigri grigri mon,0.8033333333333335
grigri jon,0.6452247225217391
grigri mon,0.8033333333333335
grigri sovaj,0.7439239793076924
gris-gris,0.6452247225217391
gris-gris des montagnes,0.8033333333333335
gris-gris jaune,0.6452247225217391
gros figuier,0.78375
gros mahaut,0.6529625
gros mombin,0.34636772182758624
gros peau,0.67
gros petites feuilles,1.0138592452210524
guaiabara,0.7581666666666667
guanabana,0.4805487873846154
guatapana,0.9062773318358587
gue gue,0.8033333333333335
gue-gue,0.8033333333333335
guenepier marron,0.73
guepenier marron,0.73
gwanegoul,0.5731017245700935
gwanel,0.4628906666666667
gwann,0.5567344712
gwatapana,0.9062773318358587
gwayabara,0.7581666666666667
gwayav,0.8050055454545455
gwenn,0.5567344712
gwo,0.6529625
gwo figye,0.78375
gwo maho,0.6529625
gwo monben,0.34636772182758624
gwo po,0.67
gwo ti fey,1.0138592452210524
haitier,0.5834368875889329
henne,0.567312148809524
herbe a clous,0.794784788611111
herbe a dartres,0.6607672727272726
herbe de st. nicolas,0.7867500000000001
hevea ,0.48206217120454553
hibiscus afeuilles rouges,0.5160532380555556
hikaku,0.7878515452500001
hippomane,0.5
hobaba,0.767323963
hobada,0.767323963
homme de paille,0.7912
houx,0.6642276171874999
huile mascristi,0.5455080724271253
huile ricin,0.5455080724271253
hyppomane,0.5
icaque,0.7878515452500001
icaquier,0.7878515452500001
ikak,0.7878515452500001
ilan ilan,0.40666344109195396
ilang-ilang,0.40666344109195396
immortel etranger,0.35061749999999997
immortelle,0.2937748082666667
indigotier,0.6
jacaranda,0.4132915493928571
jacaranda ,0.4132915493928571
jakaranda,0.4132915493928571
jakiye,0.40940028571428577
jambe de paille,0.7912
jambet,0.561
jamboisie,0.6745214949509806
jambol,0.6745214949509806
jambul,0.6745214949509806
jambwazi,0.6745214949509806
jaquier,0.40940028571428577
jasmin de nuit,0.49806893333333335
jaune d'oeuf,0.6571703642638889
jazmen nwi,0.49806893333333335
jelgal,0.885
jeniev,0.6571703642638889
jeson,0.48991986538089016
jeucon,0.48991986538089016
jijiri marron,0.7309871428571428
jijiri mawon,0.7309871428571428
jimel,0.8084724999999998
jinpa,0.6221650000000001
jirof,0.9137500000000001
jon def,0.6571703642638889
joujoube,0.8372829411764706
jujube,0.8372829411764706
jujubier,0.8372829411764706
jujubier commun,0.8372829411764706
jumelle,0.8084724999999998
kachiman,0.4805487873846154
kachiman kanel,0.4805487873846154
kachiman ke bef,0.4805487873846154
kachiman mawon,0.5215543936923077
kachiman sovaj,0.56256
kachiman zombi,0.4805487873846154
kafe,0.632835
kafe jon,0.5133218846153845
kafe mawon,0.73
kafe sovaj,0.7309871428571428
kaje jon,0.5133218846153845
kajou,0.5129892588000001
kajou etranje,0.5767500000000001
kajou femel,0.461782064516129
kajou peyi,0.5767500000000001
kajou planch,0.461782064516129
kajou sovaj,0.707446590909091
kajou venezwela,0.5767500000000001
kaka chen,0.7580427083333333
kaka chenn,0.7580427083333333
kaka poul,0.6227679243076923
kakach,0.7580427083333333
kakad,0.7580427083333333
kakawo,0.5297142857142857
kakon mawon,0.7831121739130434
kal nwa,0.779145
kalbas,0.65463825
kalbas mawon,0.65463825
kalbas zombi,0.6321763141073171
kaliandra,0.8160000000000001
kaliptis,0.7692694707967387
kalmouk,0.74
kamf,0.4827179655952381
kamil,0.95
kampech,0.8517857142857143
kampech mawon,0.6680866666666665
kandelab,0.47053999999999996
kandelon,0.767323963
kanel,0.5029717350792882
kanel abey,0.5829805
kanel dous,0.5829805
kanel mawon,0.5029717350792882
kanel miyel,0.5829805
kanel pwavre,0.95
kanik,1.0222122727272729
kanil,0.95
kapab,0.7439239793076924
kapab gran fey,0.7439239793076924
kapab ti fey,0.7439239793076924
kapitenn,
kapris,0.5247747164000001
karakole,0.6571703642638889
karakte dezom,0.8084724999999998
karambola,0.5479506249999999
karambouba,0.767323963
kas,0.8194038448275862
kas  panyol,0.8194038448275862
kas baton,0.6607672727272726
kas dou,0.8194038448275862
kas mawon,0.6607672727272726
kas panyol,0.8194038448275862
kas sek,0.5426873290846153
kase rach,0.7420903594771242
kase raj,0.6468977777777778
kase sek,0.5426873290846153
kaskari,0.5149155396734696
kasya,0.6607672727272726
kat chemen,0.6016566000000001
katast,0.54
katen,0.5103737692307692
katie,0.5567344712
kawos,0.325650588
kawos etranje,0.325650588
kawotchou,0.456420480205214
kawoziye,0.325650588
kayman,0.7150626092794117
kayman fran,0.6950000000000001
kaymit,0.7274646214629631
kaymit fe do,0.7274646214629631
kaymit fey do,0.7274646214629631
kaymit fran,0.7274646214629631
kaymit jaden,0.7274646214629631
kaymit mawon,0.7274646214629631
kaymit sovaj,0.7274646214629631
kaypon,0.7047688125
kayuda,0.4805487873846154
kazowina,0.9092455145
ke bef,0.4805487873846154
kenep,0.98
kenep chinwa,0.8603573636363637
kenep fwi,0.98
kenep mal,0.98
kenep mawon,0.73
kenkena etranje,0.39459445437499996
kenkena peyi,1.025
kimak,0.7256272089895286
kinik,1.0222122727272729
kinik jon,1.0222122727272729
kininn,1.025
kiratela,0.65
klou jirof,0.9137500000000001
kodon,0.7831121739130434
kok,0.5567344712
kok mol,0.8372829411764706
kok shango,
kokelika,0.5564973219886364
kokeliko,0.5564973219886364
koko ginen,0.5567344712
koko makak,0.5567344712
kokoye,0.5567344712
kokoye misket,0.5567344712
kokoye nenn,0.5567344712
kokoye panyol,0.5567344712
kokoye tres pikos,0.5567344712
kola,0.6013460204545454
koleg,0.8084724999999998
kolorad,0.43899705882352935
kolye,0.6680866666666665
koma,0.7110485785789474
koma blan,0.8859998333333332
koma blanc,0.8859998333333332
koma fran,0.8859998333333332
koma jon,0.4628906666666667
koma wouj,0.8859998333333332
komiye,0.8362114285714287
konichon peyi,0.5479506249999999
koray,0.39688740413333334
koray wouj,0.5
kotel,0.6468977777777778
kotlet,0.7069045790476193
koton fle,0.200841
koton maho,0.5160532380555556
koton majo,0.5160532380555556
koton mawon,0.5160532380555556
koton rat,0.48991986538089016
koton swa,0.200841
koubari,0.7910383592457265
kouronn krist,0.47053999999999996
kowos,0.5567344712
kowosol,0.4805487873846154
kowosol mawon,0.4805487873846154
kowosol zombi,0.4805487873846154
koynmol,0.8372829411764706
kratela,0.65
krev rash,0.8372829411764706
kris marinn,0.39835402790833335
krist marinn,0.39835402790833335
kriz marinn,0.39835402790833335
krok,0.9083333333333332
krok chen,0.48929588321654044
krok souri,0.7256272089895286
kwoko,0.5567344712
kwokwo ginen,0.5567344712
kwoton,0.5455080724271253
la brisiette,0.79
la mandit,0.7783968815789473
laba bom,0.425212
laba fwikase,0.7104161422499999
laba koray,0.2937748082666667
laba pen,0.40940028571428577
labe wouj,0.6402908333333334
labou kochon,0.7069045790476193
labriziyet,0.79
laget,
laitier,0.5834368875889329
laitye,0.747806163136986
lam veritab,0.40940028571428577
lamandi,0.7783968815789473
lamandye,0.7783968815789473
lamandye gran fey,0.7783968815789473
lamandye ti fey,0.7783968815789473
lame,0.5567344712
lang bef,0.77
langue a boeuf,0.77
lanis sovaj,0.3935
latanier,0.5567344712
latanier a balai,0.5567344712
latanier balai,0.5567344712
latanier bourrique,0.5567344712
latanier chapeau,0.5567344712
latanier de mer,0.5567344712
latanier franc,0.5567344712
latanier jaune,0.5567344712
latanier la mer,0.5567344712
latanier marron,0.5567344712
latanier piquant,0.5567344712
latanier savane,0.5567344712
latanier savanne,0.5567344712
latanier zombi,0.5567344712
latanye,0.5567344712
latanye balay,0.5567344712
latanye bourik,0.5567344712
latanye chapo,0.5567344712
latanye fran,0.5567344712
latanye jon,0.5567344712
latanye lame,0.5567344712
latanye mawon,0.5567344712
latanye me,
latanye savann,0.5567344712
laurier,0.4928448503372631
laurier a grandes feuilles,0.5752604088536586
laurier agrandes feuilles,0.5029717350792882
laurier blanc,0.5029717350792882
laurier cannelle,0.4827179655952381
laurier cypre,0.5564973219886364
laurier des jardins,0.6
laurier grandes feuilles,0.5752604088536586
laurier guepes,0.5029717350792882
laurier jaune,0.6586810189526875
laurier mama z’enfants,0.4827179655952381
laurier petites feuilles,0.4827179655952381
laurier puant,0.5029717350792882
laurier rose,0.5029717350792882
laurier rouge,0.5569621702878788
laurier sassafras,0.8143903028260869
laurier tropical,0.6
laurier-mabonne,0.4827179655952381
le mongier,0.7783968815789473
legliz,0.7031771153846154
lele,0.45181067041791045
lete,0.5247747164000001
leteuil,0.5247747164000001
leucaena,0.67625
leucaena petite feuille,0.67625
lian kolik,0.63808921875
lian towo,0.63808921875
liane a clous,0.794784788611111
liane a coliques,0.63808921875
liane aclous,0.794784788611111
liane barrique,0.48849999999999993
liane bouhouque,0.643271923076923
liane chique,0.47
liane croc-chien,0.8372829411764706
liane jaune,0.643271923076923
liane mouton,0.5564973219886364
liane panier,0.48849999999999993
liane taureau,0.63808921875
liann barik,0.48849999999999993
liann klou,0.794784788611111
liann kolik,0.63808921875
liann krok chen,0.8372829411764706
liann panye,0.48849999999999993
liann towo,0.63808921875
libidibi,1.0222122727272729
liege,0.4805487873846154
liej,0.4805487873846154
lignum vitae,1.1089285714285715
liias,0.45477428333333336
lila,0.45477428333333336
lila etranje,0.6137062499999999
lila nwi,0.49806893333333335
lilas de nuit,0.49806893333333335
lilas etranger,0.6137062499999999
limon france,0.74
limon frans,0.74
lisina,0.67625
lisina ti fey,0.67625
litchi,0.8603573636363637
lokwat,0.79030125
lombai,0.6642276171874999
long bab,0.6444298548
longue barbe,0.6444298548
loquat,0.79030125
lorie,0.5029717350792882
lorie blan,0.5029717350792882
lorie gep,0.5029717350792882
lorie gran fey,0.5391160719664734
lorie jaden,0.6
lorie jon,0.6586810189526875
lorie kanel,0.4827179655952381
lorie piant,0.5029717350792882
lorie ti fey,0.4827179655952381
lorie twopikal,0.6
lorie woz,0.5029717350792882
losange,0.6680866666666665
losanj,0.6680866666666665
louisine mau,0.6016566000000001
loye,0.5029717350792882
lrie kanel,0.4827179655952381
lwisin mo,0.6016566000000001
m'panache,0.8859998333333332
mabe,0.7439239793076924
mabi,0.7439239793076924
mabouge,0.7580427083333333
mabouya,0.7580427083333333
macaby,0.9083333333333332
macarbie,0.8372829411764706
macasol,1.0222122727272729
machandeuse,0.5666666666666667
machandez,0.5666666666666667
machandoise,0.5666666666666667
machanwaz,0.5666666666666667
macouta,0.25
macoutouca,0.25
macoutouka,0.25
macrio,0.6227679243076923
macrioi,0.6227679243076923
madam jan,0.747806163136986
madam klod,0.7309871428571428
madam naiz,0.6170293333333333
madam nayiz,0.6170293333333333
madam yas,0.6170293333333333
madame claude,0.7309871428571428
madame jean,0.747806163136986
madame jeanne,0.73
madame naiz,0.6170293333333333
madame yass,0.6170293333333333
madelin,0.67625
madlenn,0.67625
magerit,0.4805487873846154
maget,0.8054416666666667
magne la mer,0.7581666666666667
magnolia,0.5234138461538462
maguette,0.8054416666666667
mahandeme,0.200841
mahaudeme,0.200841
mahaut,0.5160532380555556
mahaut bleu,0.5160532380555556
mahaut franc,0.5160532380555556
mahaut piment,0.3679764685
maho,0.5180266190277778
maho ble,0.5160532380555556
maho fran,0.5160532380555556
maho piman,0.3679764685
mahodem,0.200841
mai's bouilli,0.561
mais bouilli,0.561
maivisse,0.7581666666666667
majo,0.6529625
majot anglais,0.5670581044878049
makabi,0.8728081372549019
makata,1.0222122727272729
makoutouka,0.25
makrio,0.6227679243076923
maksmilyen,0.5
maksmiye,0.5666666666666667
malaget,0.8054416666666667
malaguene,0.9137500000000001
malaguette,0.8052236060606062
maman guepes,0.3204
mamiye mawon,0.4805487873846154
mammier,0.4805487873846154
mammier marron,0.4805487873846154
mancenillier,0.5666666666666667
mancenillier ,0.5
mancheni,0.5333333333333333
manchenille,0.5333333333333333
manchinil,0.5
mandaren,0.74
mandarine,0.74
mandit,0.7783968815789473
mang,0.7563791779852941
mang blan,0.655
mang blanc,0.655
mang chandel,0.8806822779090908
mang kabrit,0.6680866666666665
mang mawon,0.7856827
mang nwa,0.8806822779090908
mang ti fey,0.9469319999999999
mang wouj,0.8806822779090908
manger cabrit,0.6607672727272726
mangiye,0.6456522741228069
mangle,0.7209121795
mangle blanc,0.7856827
manglier,0.8890911389545454
manglier blanc,0.655
manglier chandelle,0.8806822779090908
manglier marron,0.7856827
manglier noir,0.8362642271898395
manglier petites feuilles,0.9469319999999999
manglier rouge,0.8806822779090908
mangliye,0.8362642271898395
mango,0.5129076666666665
mangosteen,0.724794666783784
mangostinn,0.724794666783784
mangue,0.5129076666666665
mangue cabrit,0.6680866666666665
manguier,0.5129076666666665
mang’blanc,0.7856827
manje kabrit,0.6607672727272726
manman gep,0.3204
manman guepes,0.3204
manscheniye,0.5
manseniye,0.5333333333333333
mapon coton,0.3235706615
mapon gris,0.73
mapou,0.3235706615
mapou blan,0.27749999999999997
mapou blanc,0.27749999999999997
mapou coton,0.3235706615
mapou etranger,0.27552
mapou etranje,0.27552
mapou gri,0.73
mapou gris,0.73
mapou koton,0.3235706615
mapou zombi,0.27552
margot,0.5129076666666665
marguerite,0.4805487873846154
mari jinn,0.5670581044878049
mari jon,0.67625
marie jaune,0.67625
marie-jeane,0.5670581044878049
marie-jeanne,0.5670581044878049
marnmier marron,0.4805487873846154
mascarite,0.5455080724271253
mascristi,0.5455080724271253
maskarit,0.5455080724271253
maskristi,0.5455080724271253
maskriti,0.5455080724271253
matouren,0.8084724999999998
matourin,0.8084724999999998
maurepas,0.2937748082666667
maximier,0.5666666666666667
maximilien,0.5
mayacaule,0.42209444444444444
mayakayul,0.42209444444444444
mayi bonyi,0.561
mayi bouyi,0.561
mayn lame,0.7581666666666667
medecinier a grandes feuilles,0.325
medecinier cathartique,0.325
medecinier des indes,0.325
medecinier espagnol,0.325
medecinier multifide,0.325
medicinier,0.325
medicinier beni,0.325
medicinier d’inde,0.325
medicinier espagnol,0.325
medsinye,0.325
medsinye beni,0.325
medsinye gran fey,0.325
medsinye miltifid,0.325
medsinye panyol,0.325
melaleuca,0.6744483410192309
melalika,0.6744483410192309
melina,0.4617957937916667
melongene marronne,0.41188571428571424
merde rouge de la montagne,0.6950000000000001
meris,0.6444298548
merise,1.0138592452210524
merisier,1.0138592452210524
merisse,0.6444298548
meriz,1.0138592452210524
merizye,1.0138592452210524
mevis,0.7581666666666667
mi,0.6387681250416667
micocoulier,0.5938206025423727
micocoulier a trois nervures,0.5938206025423727
milat,0.5666666666666667
mimosa,0.69174875
mimosa ,0.69174875
mimosa cassie,0.767323963
mimosa de farnese,0.767323963
miskad,0.4918573378378379
miskadye,0.4918573378378379
mit,0.8955776226105262
mit fey citwon,0.8054416666666667
mit fey lorie,0.9137500000000001
mit fey sitwon,0.8054416666666667
miwobalann,0.34636772182758624
momben jon,0.34636772182758624
mombin,0.34636772182758624
mombin a fruits jaunes,0.34636772182758624
mombin batard,0.6673926886075389
mombin espagnol,0.34636772182758624
mombin franc,0.34636772182758624
mombin rouge,0.34636772182758624
momin batard,0.5670581044878049
monben,0.34636772182758624
monben bata,0.6673926886075389
monben fran,0.34636772182758624
monben panyol,0.34636772182758624
mongier,0.7783968815789473
morelle sombre,0.41188571428571424
morelle triste,0.41188571428571424
morepa,0.2937748082666667
moringa,0.261744
mortel debout,0.6529625
mortelle,0.2937748082666667
motel,0.4537405291333333
motel debou,0.6529625
motel etranje,0.35061749999999997
moureiller piquant,0.643271923076923
moureye pikan,
mpanash,0.8859998333333332
mulatre,0.5666666666666667
mures,0.6387681250416667
muscade,0.4918573378378379
muscadier,0.4918573378378379
mutua,0.4492285176000001
myrobalance,0.34636772182758624
myrobalane,0.34636772182758624
myrte,0.8955776226105262
myrte ,1.0138592452210524
myrte a feuilles de citron,0.8054416666666667
myrte a feuilles de laurier,0.9137500000000001
myrte afeuilles de laurier,0.7557499999999999
nago,0.7204301719259262
nagot,0.7204301719259262
neeb,0.57875
neem,0.57875
neem/lila,0.5167621416666667
nim,0.57875
nimba,0.57875
nogal,0.4737277777777778
noisetier,0.47750000000000004
noisetier d'amerique,0.47750000000000004
noisetier du pays,0.47750000000000004
noisette,0.37437761538461534
noix,0.37437761538461534
noix d'acajou,0.4492285176000001
noix de coco,0.5567344712
noix de cola,0.6013460204545454
noix de muscade,0.4918573378378379
noix de serpent,0.72
noix d’acajou,0.4492285176000001
noix-cajou,0.4492285176000001
noni,0.558
noyer,0.37437761538461534
noyer des indes,0.37437761538461534
nwa,0.37437761538461534
nwa kajou,0.4492285176000001
nwa koko,0.5567344712
nwa kola,0.6013460204545454
nwa miskad,0.4918573378378379
nwa sepan,0.72
nwaye,0.37437761538461534
nwazet,0.4259388076923077
nwazet peyi,0.47750000000000004
oeuf de poule,0.7395576923076923
olive,0.261744
olive mangrove,0.7918461764705882
olivier,0.261744
olivier batard,0.7856827
olivye,0.261744
olivye bata,0.7856827
om de pay,0.7912
orange amer,0.74
orange douce,0.74
orange sure,0.74
orme d' amerique,0.5158034375
orme d’amerique ,0.5158034375
ortie blanche,0.88
os devants marrons,0.707446590909091
ouane primaire,0.53
ouary,1.0222122727272729
paille,0.5567344712
pais vache,0.4014223684210526
pal,0.5567344712
pale-a-vin,0.25
paletiviye,0.8446730882352941
paletuvier,0.8446730882352941
palm,0.5567344712
palm koyo,0.5567344712
palma,0.5567344712
palma cristi,0.5455080724271253
palma kristi,0.5455080724271253
palmaven,0.25
palme,0.5567344712
palme coyau,0.5567344712
palme-a-vin,0.25
palmier royal,0.5567344712
palmis,0.5426873290846153
palmis chapelet,0.25
palmis dezenn,
palmistaven,0.5567344712
palmiste,0.5426873290846153
palmiste ,0.5426873290846153
palmiste a chapelet,0.25
palmiste des indes,
palmiste-a-chapelet,0.25
palmiste-a-vin,0.5567344712
pamplemous,0.74
pamplemousse,0.74
panyol mawon,0.6088714444444445
papai,0.1875
papailler,0.1875
papay,0.1875
papay multifid,0.325
papay sovaj,0.325
papaye,0.1875
papaye sauvage,0.325
papayer,0.1875
papelit,0.7204301719259262
papelite,0.7204301719259262
parese,0.37260936789473686
parese kloti,0.37260936789473686
paresol,0.5564973219886364
paresseux,0.37260936789473686
paresseux des clotures,0.37260936789473686
pat toti,0.54
pativier,0.9469319999999999
pativiye,0.9469319999999999
patte de tortue,0.54
paw palmis,0.7199146913703706
pay,0.5567344712
pech,0.7783968815789473
pech mawon,0.5199304487179488
peche,0.7783968815789473
peche marron,0.5199304487179488
pecher,0.7783968815789473
pen dostrali,0.9092455145
pendoula,0.7309871428571428
pengwen,
pepit pom,0.8372829411764706
perce-pierre,0.39835402790833335
persillette,0.37260936789473686
pes pie,0.39835402790833335
pesiyet,0.37260936789473686
pet djab,0.34906134615625
pet du diable,0.34906134615625
petigrene,0.69
petit abbe,0.58
petit blanc,0.6829172864166668
petit bois blanc,0.6829172864166668
petit bois d'inde,1.0138592452210524
petit bois d’inde,1.0138592452210524
petit bois pin,0.7833333333333333
petit buis,0.7042739047619048
petit cafe,0.5133218846153845
petit café,0.5133218846153845
petit caimite,0.7274646214629631
petit caleyon,0.8084724999999998
petit coco,0.325650588
petit couis,0.7274646214629631
petit crocro,0.5567344712
petit flamboyant,0.47053999999999996
petit gaiac,0.8160000000000001
petit garcon,0.6829172864166668
petit houx,0.6642276171874999
petit mombin,0.5670581044878049
petit palmiste marron,0.5567344712
petit raisin,0.6016566000000001
petit raisin ordinaire,0.7581666666666667
petit soleil,0.5564973219886364
petite calebasse des bois,0.65463825
petite cerise,0.643271923076923
petite pomme,0.8372829411764706
petites feuilles,1.0138592452210524
petites graines,0.69
pich pen,0.7150926029946809
pich pin,0.9092455145
pikan arada,0.6636216683369565
pikan kare,0.6636216683369565
pikan woz,0.6613333333333333
piman dlo,0.45477428333333336
piment d'eau,0.45477428333333336
pin,0.5209396914893617
pin d' australie,0.9092455145
pin d'australie,0.9092455145
pindoula,0.7309871428571428
pine,0.6541455593210783
pine blan,0.6541455593210783
pine jaune,0.6541455593210783
pine jon,0.6541455593210783
pineblanc,0.6541455593210783
pinguin,
pini,0.6541455593210783
pinit,0.6541455593210783
pinit jaune,0.6541455593210783
piniti,0.6541455593210783
piquant arada,0.6636216683369565
piquant carre,0.6636216683369565
piquant rosie,0.6613333333333333
piquant vada,0.6636216683369565
pistach,0.37828873312025324
pistache des indes,0.37828873312025324
piyon,0.6137062499999999
ple,0.7439239793076924
poinciana royal,0.6893123750000001
poincillade,1.0222122727272729
poinsettia,0.47053999999999996
poirier,0.6706337565
pois confiture,0.7792332906025641
pois doux,0.6098764698974359
pois palrniste,0.7199146913703706
pois sucrin,0.6098764698974359
pois vache,0.4014223684210526
pois valette,0.44426639999999995
pois vallier,0.44426639999999995
pois valliere,0.44426639999999995
poison lacinette,
poison lasinette,0.6680866666666665
poivre jamaique,0.9137500000000001
poivrier,0.7439239793076924
poivrier ,0.7439239793076924
poivrier de jamaique,0.8054416666666667
poivrier de la jamaique,0.8054416666666667
poivrier jamaique,0.8054416666666667
poix doux,0.6098764698974359
pom,0.4492285176000001
pom grenad,0.771456
pom jamayik,0.6745214949509806
pom kajou,0.4492285176000001
pom kanel,0.4805487873846154
pom malezi,0.6745214949509806
pom malkadi,0.8372829411764706
pom malkadik,0.8372829411764706
pom savon,0.7677272727272728
pom site,0.34636772182758624
pom toch,0.65
pom woz,0.6745214949509806
pom zombi,0.5
pomegranate,0.771456
pomme,0.4492285176000001
pomme acajou,0.4492285176000001
pomme cythere,0.34636772182758624
pomme de cannelle,0.4805487873846154
pomme de savon,0.7677272727272728
pomme grenade,0.771456
pomme mal carduc,0.8372829411764706
pomme rose,0.6745214949509806
pomme torche,0.65
pomme zombi,0.5
pommier rose,0.6745214949509806
pompon jaune,0.767323963
pornrne malcardi,0.8372829411764706
poupe,0.5564973219886364
prentan,1.0222122727272729
printemps,1.0222122727272729
prune,0.7274646214629631
prune zicaque,0.7878515452500001
prune z’icaque,0.7878515452500001
prunier,0.7783968815789473
prunier d’anse,0.7878515452500001
pwa dou,0.6098764698974359
pwa konfiti,0.7792332906025641
pwa palmis,0.7199146913703706
pwa sikren,0.6098764698974359
pwa vach,0.4014223684210526
pwa valet,0.44426639999999995
pwa valye,0.44426639999999995
pwav jamayik,0.9137500000000001
pwavye,0.7439239793076924
pwavye jamayik,0.8054416666666667
pwaye,0.6706337565
pwaye jamayik,0.8054416666666667
pwazon lasinet,0.6680866666666665
pwensiyad,1.0222122727272729
pwensiyana,0.6893123750000001
pwensiyeta,0.47053999999999996
quatre chemins,0.6016566000000001
quenepe,0.98
quenepe a fruits,0.98
quenepe chinois,0.8603573636363637
quenepe femelle,0.98
quenepe-a-fruits,0.98
quenepier,0.98
quenepier chinois,0.8603573636363637
quenepier male,0.98
quenepier marron,0.73
quenet,0.98
quimaque,0.7256272089895286
quinine,1.025
quinine des antilles,1.025
quinique,1.0222122727272729
quinique jaune,1.0222122727272729
quinquina d'europe,0.39459445437499996
quinquina des caraibes,1.025
quinquina pays,1.025
rabi,0.34906134615625
rain-tree,0.5731017245700935
raisin,0.6016566000000001
raisin bord de mer,0.7581666666666667
raisin bouzin,0.7581666666666667
raisin de fer,0.7581666666666667
raisin de la mer,0.7581666666666667
raisin des perroquets,0.5670581044878049
raisin grandes feuilles,0.7581666666666667
raisin marron,0.62
raisinier,0.7581666666666667
raisinier marron,0.7581666666666667
raket,0.47053999999999996
raket panyol,0.54
rameau,0.5651223884375001
ramo,0.5651223884375001
ramon,0.5651223884375001
ramon cheval,0.5651223884375001
ramon chwal,0.5651223884375001
raquette,0.47053999999999996
raquette espagnole,0.54
reglis,0.7031771153846154
reglisse,0.7031771153846154
resolu montagne,0.6221650000000001
rezen,0.7581666666666667
rezen bodlame,0.7581666666666667
rezen bouzen,0.7581666666666667
rezen fe,0.7581666666666667
rezen gran fey,0.7581666666666667
rezen lame,0.7581666666666667
rezen mawon,0.707446590909091
rezen peroke,0.5670581044878049
ri-gri-sovaj,0.7439239793076924
ricin,0.5455080724271253
risin,0.6799116333333334
robe,0.34636772182758624
rose marron,0.5426873290846153
rose-marie,0.6221650000000001
roucou,0.37916666666666665
roucouyer,0.37916666666666665
rougeole,0.7439239793076924
roujiol,0.7439239793076924
sablier,0.569530673078125
sablier ,0.34906134615625
sabliye,0.569530673078125
safran,0.558
safran de saint-domingue,0.558
safran du pays,0.558
saint-esprit,0.7580427083333333
salsepareille,0.4398786131666667
salsepareille batard,0.4398786131666667
salsepareille marron,0.4398786131666667
salsparey bata,0.4398786131666667
salsparey mawon,0.4398786131666667
saman,0.5731017245700935
sambuca,0.483131891025641
sandragon,0.6510616638793103
sandragon des antilles,0.6510616638793103
sang dragon des antilles,0.6510616638793103
sapote,0.6571703642638889
sapoti,0.8677016639999999
sapoti mamelad,0.6571703642638889
sapoti mawon,0.8677016639999999
sapoti nwa,0.8677016639999999
sapotier,0.6571703642638889
sapotier jaune d'oeuf,0.6571703642638889
sapotille,0.8677016639999999
sapotille marron,0.8677016639999999
sapotille noir,0.8677016639999999
sapotillier,0.8677016639999999
sapotillier commun,0.8677016639999999
sapotillier marmelade,0.6571703642638889
sapotillier marron,0.8859998333333332
sapotiye,0.6571703642638889
satanier,0.615339125
satanier marron,0.725
satanjou,0.5056782500000001
satanju,0.5056782500000001
satanye,0.615339125
satanye mawon,0.725
savann,0.5731017245700935
savonet,0.7677272727272728
savonet peyi,0.7677272727272728
savonette pays,0.7677272727272728
savonier,0.7677272727272728
savonnette,0.7677272727272728
savonnette pays,0.7677272727272728
savonye,0.7677272727272728
schefflera,0.44199980770370373
sebestier elegant,0.5564973219886364
sed,0.47238144134897364
sed blan,0.461782064516129
sed blanc,0.461782064516129
sed panyol,0.461782064516129
sed wouj,0.461782064516129
sene,0.6607672727272726
senjan dive,0.47053999999999996
senn,0.6607672727272726
senne,0.6607672727272726
sentespri,0.7580427083333333
sepan,0.72
seriz,0.643271923076923
seriz dayiti,0.643271923076923
seriz me,0.9083333333333332
seriz sendoming,0.643271923076923
seriz sirinam,1.0138592452210524
serpent,0.72
sewal,0.6829172864166668
sibilinn,0.6088714444444445
sikren,0.6098764698974359
sikriye,0.6098764698974359
sikriye mon,0.707633740375
sip,0.6706337565
sipre,0.4442857142857143
sirio,0.3935
sitwan mawon,0.7719814705882353
sitwon,0.74
sitwon vet,0.74
siwel,0.34636772182758624
siwo,0.4463333333333333
siwo bannann,0.3935
st. jean d'hiver,0.47053999999999996
stragomia,0.5734861071428572
stragomia blanc,0.5734861071428572
stragonya,0.5734861071428572
stragonya blan,0.5734861071428572
stramoine-en-arbre,0.49806893333333335
stramwann,0.49806893333333335
sucrier,0.6098764698974359
sucrier ,0.6098764698974359
sucrier des montagnes,0.707633740375
sucrin,0.6098764698974359
sureau,0.4463333333333333
sureau ,0.3935
sureau plantain,0.3935
sureau plantin,0.3935
sybilline,0.6088714444444445
tabac marron,0.41188571428571424
tabak mawon,0.41188571428571424
tabemon,0.6345
tabeno,0.6345
tamarenn,0.914227
tamarenn mawon,0.6980207277713621
tamarenn mowi,0.6980207277713621
tamarinde,0.914227
tamarinde marron,0.6980207277713621
tamarinde mori,0.6980207277713621
tamarinier,0.914227
tandrakayou,0.767323963
taureau-tigre,0.63808921875
tavemeau,0.6345
tavemon,0.6345
taveno,0.6345
taveno mon,0.8060677777777779
taverneau montagne,0.8060677777777779
tavernon montagne,0.8060677777777779
taveron montagne,0.8060677777777779
tcha tcha,0.5731017245700935
tcha tcha mawon,0.7217869815
tcha-tcha marron,0.7217869815
teck,0.598845377027027
tek,0.6927976885135135
tendre ii cailloux,0.767323963
terebinthina,0.9137500000000001
ti abe,0.58
ti bwa blan,0.6829172864166668
ti bwa denn,1.0138592452210524
ti bwa pen,0.7833333333333333
ti bwi,0.7042739047619048
ti caimite,0.7274646214629631
ti fey,1.0138592452210524
ti flambwayan,0.47053999999999996
ti gason,0.6829172864166668
ti gayak,0.8160000000000001
ti grenn,0.6563839621538461
ti kafe,0.5133218846153845
ti kalson,0.8084724999999998
ti kaymit,0.7274646214629631
ti koko,0.325650588
ti kwoko,0.5567344712
ti monben,0.5670581044878049
ti palmis mawon,0.5567344712
ti pom,0.8372829411764706
ti rezen,0.6016566000000001
ti rezen odine,0.7581666666666667
ti seriz,0.643271923076923
ti soley,0.5564973219886364
ti-bois blanc,0.6829172864166668
ti-soleil,0.5564973219886364
tikimit,0.8859998333333332
tiquimite,0.8859998333333332
toti marron,0.6571703642638889
toti mawon,0.6571703642638889
towo tig,0.63808921875
tramble,0.43866035000000003
tremble,0.43866035000000003
trembler,0.43866035000000003
trois cotes,0.6227679243076923
trois feuilles,0.5133218846153845
trois paroles,0.5133218846153845
trois pieds,0.5564973219886364
trompette,0.335197710137931
trompette male,0.43866035000000003
tsewal,0.6829172864166668
tu-fais,1.0138592452210524
twa fey,0.5133218846153845
twa kot,0.6227679243076923
twa pabel,0.5670581044878049
twa pable,0.5670581044878049
twa pawol,0.5133218846153845
twa pye,0.5564973219886364
twazokot,0.6227679243076923
twompet,0.335197710137931
twompet mal,0.43866035000000003
vaillant garcon,0.39835402790833335
vayan gason,0.39835402790833335
veritab,0.40940028571428577
veritable,0.6020925371626984
villant garcon,0.39835402790833335
vinyet,
wabi,0.767323963
wan prime,0.53
wawi,1.0222122727272729
wil maskriti,0.5455080724271253
wob,0.34636772182758624
wou,0.6642276171874999
woujiol,0.7439239793076924
woukou,0.37916666666666665
woz mawon,0.5426873290846153
yuem,0.5567344712
zabelbok,0.5199304487179488
zabocat marron,0.779145
zaboka,0.5199304487179488
zaboka mawon,0.7685938541666666
zabriko,0.724794666783784
zabriko bata,0.34636772182758624
zabriko mawon,0.6680866666666665
zacads,0.78375
zakasya,0.767323963
zakasya jon,0.767323963
zakasya nwa,0.767323963
zakasya pikan,0.767323963
zakasya wouj,0.767323963
zamann,0.5348598806396647
zamon marron,0.7581666666666667
zamon mawon,0.7581666666666667
zamorette,0.41188571428571424
zamourette franc,0.41188571428571424
zamourette male,0.41188571428571424
zamourette marron,0.41188571428571424
zanmande,0.5348598806396647
ze poul,0.7395576923076923
zeb aklou,0.794784788611111
zeb sennikola,0.7867500000000001
zerbe st. christophe,0.6607672727272726
zibeline,0.5479506249999999
zibeline blonde,0.5479506249999999
zibeline longue,0.5479506249999999
ziblinn,0.5479506249999999
ziblinn blon,0.5479506249999999
ziblinn long,0.5479506249999999
zicaque,0.7878515452500001
zo devan mawon,0.707446590909091
zoraille,0.8372829411764706
zoranj,0.74
zoranj dous,0.74
zoranj si,0.74
zoray,0.8372829411764706
﻿arbre de vie,1.1089285714285715
﻿bwa jan louwi,0.77
